[
    {
        "date": "Понеділок, 30 грудня 2024, 11:49",
        "link": "https://www.pravda.com.ua/news/2024/12/30/7491316/",
        "title": "Скін для карток від \"Української правди\" тепер в Monobank",
        "author": "Unknown Author",
        "corruption_data": [
            {
                "individuals": [],
                "legal_entities": [
                    {
                        "entity": "Monobank",
                        "type": "Приватна"
                    },
                    {
                        "entity": "Українська правда",
                        "type": "Приватна"
                    }
                ],
                "offshore": [],
                "government_bodies": []
            }
        ]
    },
    {
        "date": "Неділя, 2 березня 2025, 14:19",
        "link": "https://www.pravda.com.ua/news/2025/03/2/7500902/",
        "title": "МЗС: МАГАТЕ порушило суверенітет України через російський шантаж",
        "author": "Роман Петренко—",
        "corruption_data": [
            {
                "individuals": [
                    {
                        "name": "Міністерство закордонних справ",
                        "position": "Співробітники",
                        "affiliations": [
                            "МАГАТЕ"
                        ]
                    },
                    {
                        "name": "Росія",
                        "position": "Країна",
                        "affiliations": []
                    }
                ],
                "legal_entities": [
                    {
                        "entity": "Міністерство закордонних справ",
                        "type": "Державна"
                    },
                    {
                        "entity": "МАГАТЕ",
                        "type": "Міжнародна організація"
                    }
                ],
                "offshore": [],
                "government_bodies": [
                    "Міністерство закордонних справ"
                ]
            }
        ]
    },
    {
        "date": "Неділя, 2 березня 2025, 07:34",
        "link": "https://www.pravda.com.ua/news/2025/03/2/7500872/",
        "title": "США прискорюють надання Ізраїлю військової допомоги на 4 мільярди доларів",
        "author": "Іван Д'яконов—",
        "corruption_data": [
            {
                "individuals": [
                    {
                        "name": "Марко Рубіо",
                        "position": "Державний секретар США",
                        "affiliations": [
                            "Адміністрація Трампа",
                            "Держдепартамент США"
                        ]
                    },
                    {
                        "name": "Дональд Трамп",
                        "position": "Президент США"
                    },
                    {
                        "name": "Джо Байден",
                        "position": "Президент США"
                    }
                ],
                "legal_entities": [
                    {
                        "entity": "Пентагон",
                        "type": "Державна"
                    },
                    {
                        "entity": "Reuters",
                        "type": "Приватна"
                    }
                ],
                "offshore": [],
                "government_bodies": [
                    "Конгрес США",
                    "Палата представників США",
                    "Сенат США"
                ]
            }
        ]
    }
]