[
    {
        "date": "Понеділок, 30 грудня 2024, 11:49",
        "link": "https://www.pravda.com.ua/news/2024/12/30/7491316/",
        "title": "Скін для карток від \"Української правди\" тепер в Monobank",
        "author": "Unknown Author",
        "corruption_data": [
            {
                "individuals": [],
                "legal_entities": [
                    {
                        "entity": "Monobank",
                        "type": "Приватна"
                    },
                    {
                        "entity": "Українська правда",
                        "type": "Приватна"
                    }
                ],
                "offshore": [],
                "government_bodies": []
            }
        ]
    },
    {
        "date": "Понеділок, 3 березня 2025, 22:37",
        "link": "https://www.pravda.com.ua/news/2025/03/3/7501126/",
        "title": "Трамп каже, що поки не обговорював зупинку військової допомоги для України",
        "author": "Тетяна Олійник—",
        "corruption_data": [
            {
                "individuals": [
                    {
                        "name": "Дональд Трамп",
                        "position": "Президент США",
                        "affiliations": []
                    },
                    {
                        "name": "Володимир Зеленський",
                        "position": "Президент України",
                        "affiliations": []
                    },
                    {
                        "name": "Джей Ді Венс",
                        "position": "Віце-президент",
                        "affiliations": []
                    }
                ],
                "legal_entities": [],
                "offshore": [],
                "government_bodies": []
            }
        ]
    },
    {
        "date": "Понеділок, 3 березня 2025, 21:55",
        "link": "https://www.pravda.com.ua/news/2025/03/3/7501124/",
        "title": "ЗМІ: Сполучені штати готують план потенційного послаблення санкцій проти Росії",
        "author": "Христина Бондарєва,Тетяна Олійник—",
        "corruption_data": [
            {
                "individuals": [
                    {
                        "name": "Дональд Трамп",
                        "position": "Президент США"
                    },
                    {
                        "name": "Скотт Бессент",
                        "position": "Міністр фінансів"
                    }
                ],
                "legal_entities": [],
                "offshore": [],
                "government_bodies": [
                    "Білий дім",
                    "Державний департамент",
                    "Міністерство фінансів"
                ]
            }
        ]
    },
    {
        "date": "Понеділок, 3 березня 2025, 16:13",
        "link": "https://www.pravda.com.ua/news/2025/03/3/7501065/",
        "title": "Обіцяв мільйон рублів за кожен знищений танк ЗСУ: СБУ оголосила підозру Лепсу",
        "author": "Валентина Романенко—",
        "corruption_data": [
            {
                "individuals": [
                    {
                        "name": "Григорій Лепсверідзе",
                        "position": "Співак-пропагандист",
                        "affiliations": [
                            "Російська Федерація"
                        ]
                    }
                ],
                "legal_entities": [],
                "offshore": [],
                "government_bodies": [
                    "Служба безпеки України"
                ]
            }
        ]
    },
    {
        "date": "Понеділок, 3 березня 2025, 16:00",
        "link": "https://www.pravda.com.ua/news/2025/03/3/7501061/",
        "title": "В Одесі викрили хабарників, які обіцяли вплив на ВЛК та переведення військових у тил",
        "author": "Степан Гафтко—",
        "corruption_data": [
            {
                "individuals": [
                    {
                        "name": "Ділки",
                        "position": "Товариш по службі",
                        "affiliations": []
                    },
                    {
                        "name": "Чоловік",
                        "position": "Прив'язаний до іншої справи",
                        "affiliations": []
                    },
                    {
                        "name": "Дружина військовослужбовця",
                        "position": "",
                        "affiliations": []
                    }
                ],
                "legal_entities": [],
                "offshore": [],
                "government_bodies": [
                    "Національна поліція України",
                    "СБУ"
                ]
            }
        ]
    },
    {
        "date": "Понеділок, 3 березня 2025, 09:40",
        "link": "https://www.pravda.com.ua/news/2025/03/3/7501000/",
        "title": "У снарядах до російських РСЗВ \"Торнадо\" виявили іноземні компоненти – ГУР",
        "author": "Степан Гафтко—",
        "corruption_data": [
            {
                "individuals": [
                    {
                        "name": "Володимир Зеленський",
                        "position": "Президент",
                        "affiliations": [
                            "Україна"
                        ]
                    },
                    {
                        "name": "Андрій Сибіга",
                        "position": "Міністр закордонних справ",
                        "affiliations": [
                            "Україна"
                        ]
                    }
                ],
                "legal_entities": [
                    {
                        "entity": "Міністерство оборони України",
                        "type": "Державна"
                    }
                ],
                "offshore": [],
                "government_bodies": [
                    "Головне управління розвідки Міністерства оборони України"
                ]
            }
        ]
    },
    {
        "date": "Понеділок, 3 березня 2025, 09:12",
        "link": "https://www.pravda.com.ua/news/2025/03/3/7500997/",
        "title": "Трамп у понеділок обговорить зупинку військової допомоги Україні – NYT",
        "author": "Іванна Костіна,Станіслав Погорілов—",
        "corruption_data": [
            {
                "individuals": [
                    {
                        "name": "Дональд Трамп",
                        "position": "Президент США",
                        "affiliations": [
                            "Адміністрація"
                        ]
                    },
                    {
                        "name": "Марко Рубіо",
                        "position": "Державний секретар",
                        "affiliations": [
                            "Адміністрація Трампа"
                        ]
                    },
                    {
                        "name": "Піт Гегсет",
                        "position": "Міністр оборони",
                        "affiliations": [
                            "Адміністрація Трампа"
                        ]
                    },
                    {
                        "name": "Володимир Зеленський",
                        "position": "Президент України",
                        "affiliations": []
                    },
                    {
                        "name": "Джей Ді Венс",
                        "position": "Віце-президент",
                        "affiliations": []
                    }
                ],
                "legal_entities": [],
                "offshore": [],
                "government_bodies": []
            }
        ]
    }
]