[
    {
        "date": "Понеділок, 30 грудня 2024, 11:49",
        "link": "https://www.pravda.com.ua/news/2024/12/30/7491316/",
        "title": "Скін для карток від \"Української правди\" тепер в Monobank",
        "author": "Unknown Author",
        "corruption_data": [
            {
                "individuals": [],
                "legal_entities": [
                    {
                        "entity": "Monobank",
                        "type": "Приватна"
                    },
                    {
                        "entity": "Українська правда",
                        "type": "Приватна"
                    }
                ],
                "offshore": [],
                "government_bodies": []
            }
        ]
    },
    {
        "date": "Четвер, 6 березня 2025, 21:05",
        "link": "https://www.pravda.com.ua/news/2025/03/6/7501647/",
        "title": "Суд дозволив вийти під заставу одіозному соратнику Сальдо, звинувачуваному у співпраці з росіянами – ЗМІ",
        "author": "Євген Кізілов—",
        "corruption_data": [
            {
                "individuals": [
                    {
                        "name": "Сергій Сорокунський",
                        "position": "Депутат Херсонської обласної ради",
                        "affiliations": [
                            "Блок Володимира Сальдо"
                        ]
                    },
                    {
                        "name": "Олена Козачук",
                        "position": "Суддя"
                    }
                ],
                "legal_entities": [
                    {
                        "entity": "ТОВ 'Сапфір ЛТД'",
                        "type": "Приватна"
                    },
                    {
                        "entity": "Фермерське господарство 'Сапфір-Агро'",
                        "type": "Приватна"
                    }
                ],
                "offshore": [],
                "government_bodies": [
                    "Служба безпеки України"
                ]
            }
        ]
    },
    {
        "date": "Четвер, 6 березня 2025, 20:44",
        "link": "https://www.pravda.com.ua/news/2025/03/6/7501640/",
        "title": "ЄС запропонує Києву витрачати на ЗСУ кредит з активів РФ – джерело",
        "author": "Тетяна Висоцька,Євген Кізілов—",
        "corruption_data": [
            {
                "individuals": [
                    {
                        "name": "Каї Каллас",
                        "position": "Висока представниця ЄС у закордонних справах",
                        "affiliations": []
                    }
                ],
                "legal_entities": [
                    {
                        "entity": "Центробанк РФ",
                        "type": "Державна"
                    }
                ],
                "offshore": [],
                "government_bodies": [
                    "Європейська Рада",
                    "Європейська комісія"
                ]
            }
        ]
    },
    {
        "date": "Четвер, 6 березня 2025, 16:14",
        "link": "https://www.pravda.com.ua/news/2025/03/6/7501582/",
        "title": "На Одещині викрили посадовця ТРО, що за гроші списував бійців зі служби – ДБР",
        "author": "Євген Кізілов—",
        "corruption_data": [
            {
                "individuals": [
                    {
                        "name": "Посадовець однієї з військових частин тероборони на Одещині",
                        "position": "Посадовець",
                        "affiliations": []
                    },
                    {
                        "name": "Бієць",
                        "position": "",
                        "affiliations": []
                    }
                ],
                "legal_entities": [],
                "offshore": [],
                "government_bodies": [
                    "Держбюро розслідувань",
                    "Поліція"
                ]
            }
        ]
    },
    {
        "date": "Четвер, 6 березня 2025, 12:09",
        "link": "https://www.pravda.com.ua/news/2025/03/6/7501528/",
        "title": "Соратник Фіцо на питання про \"росіян у Києві\": Ми б нарешті мали надійного сусіда",
        "author": "Іванна Костіна,Ірина Балачук—",
        "corruption_data": [
            {
                "individuals": [
                    {
                        "name": "Ерік Каліняк",
                        "position": "Віцепрезидент словацької партії Smer-SD, євродепутат",
                        "affiliations": [
                            "Smer-SD"
                        ]
                    },
                    {
                        "name": "Тібор Гашпар",
                        "position": "Віцеспікер словацького парламенту"
                    }
                ],
                "legal_entities": [
                    {
                        "entity": "Прогресивна Словаччина",
                        "type": "Політична партія"
                    },
                    {
                        "entity": "Smer-SD",
                        "type": "Політична партія"
                    }
                ],
                "offshore": [],
                "government_bodies": []
            }
        ]
    },
    {
        "date": "Четвер, 6 березня 2025, 11:29",
        "link": "https://www.pravda.com.ua/news/2025/03/6/7501523/",
        "title": "Заступника голови Тернопільської ОВА засудили до 8 років за хабар 1,8 млн гривень",
        "author": "Unknown Author",
        "corruption_data": [
            {
                "individuals": [
                    {
                        "name": "Ігор Гайдук",
                        "position": "Заступник голови Тернопільської обласної військової адміністрації",
                        "affiliations": []
                    },
                    {
                        "name": "Михайло Головко",
                        "position": "Голова Тернопільської обласної ради",
                        "affiliations": []
                    },
                    {
                        "name": "Ігор Дем'янчук",
                        "position": "Заступник голови Тернопільської обласної військової адміністрації",
                        "affiliations": []
                    }
                ],
                "legal_entities": [],
                "offshore": [],
                "government_bodies": [
                    "Вищий антикорупційний суд",
                    "Національне антикорупційне бюро України",
                    "Центр протидії корупції"
                ]
            }
        ]
    },
    {
        "date": "Четвер, 6 березня 2025, 10:42",
        "link": "https://www.pravda.com.ua/news/2025/03/6/7501516/",
        "title": "Жумаділов залишає посаду гендиректора Держоператора тилу і призначений директором АОЗ",
        "author": "Станіслав Погорілов—",
        "corruption_data": [
            {
                "individuals": [
                    {
                        "name": "Арсен Жумаділов",
                        "position": "Генеральний директор закупівельної агенції Міноборони",
                        "affiliations": [
                            "Державний оператор тилу",
                            "Агенція оборонних закупівель"
                        ]
                    },
                    {
                        "name": "Андрій Созанський",
                        "position": "Виконавчий директор"
                    },
                    {
                        "name": "Рустем Умєров",
                        "position": "Міністр оборони"
                    },
                    {
                        "name": "Марина Безрукова",
                        "position": "Невідомо"
                    }
                ],
                "legal_entities": [
                    {
                        "entity": "Державний оператор тилу",
                        "type": "Державна"
                    },
                    {
                        "entity": "Агенція оборонних закупівель",
                        "type": "Державна"
                    }
                ],
                "offshore": [],
                "government_bodies": [
                    "Міністерство оборони України"
                ]
            }
        ]
    },
    {
        "date": "Четвер, 6 березня 2025, 10:40",
        "link": "https://www.pravda.com.ua/news/2025/03/6/7501514/",
        "title": "ДБР: На Прикарпатті за пів року нелегальний канал переправив через кордон щонайменше 150 чоловіків",
        "author": "Степан Гафтко—",
        "corruption_data": [
            {
                "individuals": [
                    {
                        "name": "Начальник одного з відділів Закарпатської установи виконання покарань № 9",
                        "position": "Організатор схеми"
                    },
                    {
                        "name": "Мешканець Закарпаття, що проживає у Чехії",
                        "position": "Співорганізатор схеми"
                    },
                    {
                        "name": "Мати співорганізатора",
                        "position": "Учасник схеми"
                    },
                    {
                        "name": "Працівник Служби судової охорони в Івано-Франківській області",
                        "position": "Учасник схеми"
                    },
                    {
                        "name": "Четверо мешканців прикордонного регіону",
                        "position": "Учасники схеми"
                    }
                ],
                "legal_entities": [],
                "offshore": [],
                "government_bodies": [
                    "Державне бюро розслідувань",
                    "Служба судової охорони в Івано-Франківській області"
                ]
            }
        ]
    },
    {
        "date": "Четвер, 6 березня 2025, 09:48",
        "link": "https://www.pravda.com.ua/news/2025/03/6/7501504/",
        "title": "Команда Трампа провела таємні переговори з Тимошенко та оточенням Порошенка – Politico",
        "author": "Станіслав Погорілов—",
        "corruption_data": [
            {
                "individuals": [
                    {
                        "name": "Дональд Трамп",
                        "position": "Президент США",
                        "affiliations": []
                    },
                    {
                        "name": "Юлія Тимошенко",
                        "position": "Лідер партії 'Батьківщина'",
                        "affiliations": []
                    },
                    {
                        "name": "Петро Порошенко",
                        "position": "Член партії 'Євросолідарність'",
                        "affiliations": []
                    },
                    {
                        "name": "Володимир Зеленський",
                        "position": "Президент України",
                        "affiliations": []
                    }
                ],
                "legal_entities": [
                    {
                        "entity": "Politico",
                        "type": "Приватна"
                    },
                    {
                        "entity": "Республіканська партія",
                        "type": "Приватна"
                    },
                    {
                        "entity": "Партія 'Батьківщина'",
                        "type": "Приватна"
                    },
                    {
                        "entity": "Партія 'Євросолідарність'",
                        "type": "Приватна"
                    },
                    {
                        "entity": "НАТО",
                        "type": "Міжнародна"
                    }
                ],
                "offshore": [],
                "government_bodies": []
            }
        ]
    }
]