[
    {
        "date": "Понеділок, 30 грудня 2024, 11:49",
        "link": "https://www.pravda.com.ua/news/2024/12/30/7491316/",
        "title": "Скін для карток від \"Української правди\" тепер в Monobank",
        "author": "Unknown Author",
        "corruption_data": [
            {
                "individuals": [],
                "legal_entities": [
                    {
                        "entity": "Monobank",
                        "type": "Приватна"
                    },
                    {
                        "entity": "Українська правда",
                        "type": "Приватна"
                    }
                ],
                "offshore": [],
                "government_bodies": []
            }
        ]
    },
    {
        "date": "Середа, 5 березня 2025, 21:36",
        "link": "https://www.pravda.com.ua/news/2025/03/5/7501449/",
        "title": "У ПС зупинили і перевіряють наказ про переведення авіаінженерів в інші війська",
        "author": "Євген Кізілов—",
        "corruption_data": [
            {
                "individuals": [
                    {
                        "name": "Фахівці інженерно-авіаційної служби 204-ї бригади",
                        "position": "Фахівці",
                        "affiliations": [
                            "204-а бригада тактичної авіації"
                        ]
                    }
                ],
                "legal_entities": [
                    {
                        "entity": "Повітряне командування 'Захід' Повітряних сил ЗСУ",
                        "type": "Державна"
                    }
                ],
                "offshore": [],
                "government_bodies": [
                    "Збройні сили України"
                ]
            }
        ]
    },
    {
        "date": "Середа, 5 березня 2025, 20:56",
        "link": "https://www.pravda.com.ua/news/2025/03/5/7501445/",
        "title": "Верховний суд США відхилив прохання Трампа про замороження зовнішньої допомоги",
        "author": "Марія Ємець,Євген Кізілов—",
        "corruption_data": [
            {
                "individuals": [
                    {
                        "name": "Дональд Трамп",
                        "position": "Президент",
                        "affiliations": [
                            "Адміністрація Трампа"
                        ]
                    }
                ],
                "legal_entities": [
                    {
                        "entity": "Агентство США з міжнародного розвитку",
                        "type": "Державна"
                    }
                ],
                "offshore": [],
                "government_bodies": [
                    "Верховний суд Сполучених Штатів"
                ]
            }
        ]
    },
    {
        "date": "Середа, 5 березня 2025, 20:08",
        "link": "https://www.pravda.com.ua/news/2025/03/5/7501442/",
        "title": "Нідерланди інвестують €700 млн у виробництво дронів для України – прем'єр",
        "author": "Марія Ємець,Євген Кізілов—",
        "corruption_data": [
            {
                "individuals": [
                    {
                        "name": "Дік Схооф",
                        "position": "Прем’єр-міністр Нідерландів",
                        "affiliations": []
                    },
                    {
                        "name": "Володимир Зеленський",
                        "position": "Президент України",
                        "affiliations": []
                    },
                    {
                        "name": "Рубен Брекельманс",
                        "position": "Міністр оборони Нідерландів",
                        "affiliations": []
                    }
                ],
                "legal_entities": [],
                "offshore": [],
                "government_bodies": []
            }
        ]
    },
    {
        "date": "Середа, 5 березня 2025, 15:27",
        "link": "https://www.pravda.com.ua/news/2025/03/5/7501395/",
        "title": "Німеччина видала Україні експосадовця податкової служби Полтавщини, якого розшукували 2 роки",
        "author": "Анастасія Проц,Валентина Романенко—",
        "corruption_data": [
            {
                "individuals": [
                    {
                        "name": "Олег Волошинов",
                        "position": "Ексзаступник начальника Головного управління Державної податкової служби у Полтавській області",
                        "affiliations": []
                    }
                ],
                "legal_entities": [
                    {
                        "entity": "Полтавське підприємство",
                        "type": "Приватна"
                    }
                ],
                "offshore": [],
                "government_bodies": [
                    "Офіс генерального прокурора",
                    "Державне бюро розслідувань"
                ]
            }
        ]
    },
    {
        "date": "Середа, 5 березня 2025, 13:56",
        "link": "https://www.pravda.com.ua/news/2025/03/5/7501376/",
        "title": "У \"Дії\" запрацює дозвіл на зброю – Федоров",
        "author": "Ірина Балачук—",
        "corruption_data": [
            {
                "individuals": [
                    {
                        "name": "Михайло Федоров",
                        "position": "Віцепрем’єр-міністр – міністр цифрової трансформації",
                        "affiliations": []
                    },
                    {
                        "name": "Богдан Драп’ятий",
                        "position": "Заступник міністра внутрішніх справ",
                        "affiliations": []
                    }
                ],
                "legal_entities": [
                    {
                        "entity": "Мінцифра",
                        "type": "Державна"
                    },
                    {
                        "entity": "Нацполіція",
                        "type": "Державна"
                    }
                ],
                "offshore": [],
                "government_bodies": []
            }
        ]
    },
    {
        "date": "Середа, 5 березня 2025, 13:34",
        "link": "https://www.pravda.com.ua/news/2025/03/5/7501368/",
        "title": "Анулювали 470 меддовідок про фейкову інвалідність чоловіків призивного віку",
        "author": "Валентина Романенко—",
        "corruption_data": [
            {
                "individuals": [
                    {
                        "name": "голова регіональної МСЕК",
                        "position": "голова",
                        "affiliations": [
                            "МСЕК"
                        ]
                    },
                    {
                        "name": "лікарі місцевих медзакладів",
                        "position": "лікарі",
                        "affiliations": [
                            "медзаклади"
                        ]
                    }
                ],
                "legal_entities": [],
                "offshore": [],
                "government_bodies": [
                    "Служба безпеки України",
                    "Пенсійний фонд"
                ]
            }
        ]
    },
    {
        "date": "Середа, 5 березня 2025, 12:34",
        "link": "https://www.pravda.com.ua/news/2025/03/5/7501358/",
        "title": "Ексначальник одеського ТЦК постане перед судом у справі про відмивання 140 млн",
        "author": "Валентина Романенко—",
        "corruption_data": [
            {
                "individuals": [
                    {
                        "name": "Євген Борисов",
                        "position": "Колишній начальник Одеського обласного територіального центру комплектування та соціальної підтримки",
                        "affiliations": []
                    },
                    {
                        "name": "Володимир Зеленський",
                        "position": "Президент",
                        "affiliations": []
                    },
                    {
                        "name": "Валерій Залужний",
                        "position": "Головнокомандувач ЗСУ",
                        "affiliations": []
                    }
                ],
                "legal_entities": [],
                "offshore": [],
                "government_bodies": [
                    "Державнебюро розслідувань",
                    "Офіс генерального прокурора"
                ]
            }
        ]
    },
    {
        "date": "Середа, 5 березня 2025, 11:35",
        "link": "https://www.pravda.com.ua/news/2025/03/5/7501349/",
        "title": "ЗМІ: Річні зарплати керівників ВА Донеччини у 2024 році – від 300 тис. до понад 1,6 млн грн",
        "author": "Анастасія Проц—",
        "corruption_data": [
            {
                "message": "No corruption-related data found."
            }
        ]
    },
    {
        "date": "Середа, 5 березня 2025, 02:56",
        "link": "https://www.pravda.com.ua/news/2025/03/5/7501310/",
        "title": "Угода про надра: у Трампа хочуть \"повернути переговори в потрібне русло\" – CNN",
        "author": "Ольга Глущенко—",
        "corruption_data": [
            {
                "individuals": [
                    {
                        "name": "Дональд Трамп",
                        "position": "Президент США",
                        "affiliations": [
                            "Білий дім"
                        ]
                    },
                    {
                        "name": "Володимир Зеленський",
                        "position": "Президент України",
                        "affiliations": []
                    },
                    {
                        "name": "Кіт Келлог",
                        "position": "Посол Трампа в Україні",
                        "affiliations": []
                    },
                    {
                        "name": "Скотт Бессент",
                        "position": "Міністр фінансів США",
                        "affiliations": [
                            "Білий дім"
                        ]
                    }
                ],
                "legal_entities": [],
                "offshore": [],
                "government_bodies": []
            }
        ]
    },
    {
        "date": "Середа, 5 березня 2025, 01:18",
        "link": "https://www.pravda.com.ua/news/2025/03/5/7501298/",
        "title": "Міністр фінансів США: Підписання угоди про українські копалини \"не планується\" – ЗМІ",
        "author": "Ольга Глущенко—",
        "corruption_data": [
            {
                "individuals": [
                    {
                        "name": "Скотт Бессент",
                        "position": "Міністр фінансів США",
                        "affiliations": []
                    },
                    {
                        "name": "Дональд Трамп",
                        "position": "Президент США",
                        "affiliations": []
                    },
                    {
                        "name": "Володимир Зеленський",
                        "position": "",
                        "affiliations": []
                    }
                ],
                "legal_entities": [
                    {
                        "entity": "Україна",
                        "type": "Державна"
                    }
                ],
                "offshore": [],
                "government_bodies": []
            }
        ]
    }
]